age,loan
30,0.14790362
33,0.25619847
35,0.087584704
30,0.14204073
59,0.20751408
35,0.094834656
36,0.042747974
39,0.24672431
41,0.21692407
43,0.2315661
39,0.17850882
43,0.23700565
36,0.06555939
20,0.050450087
31,0.25005907
40,0.1702035
56,0.2051402
37,0.13513583
25,0.17265081
31,0.29595715
38,0.20012128
42,0.33168995
44,0.10286528
44,0.32835087
26,0.106627524
41,0.17804563
55,0.16241339
67,0.0151056945
56,0.09590688
53,0.24706122
68,0.57244486
31,0.22599041
59,0.17766458
32,0.10829592
49,0.055152744
42,0.16538846
78,0.068725586
32,0.25138736
33,0.17724222
23,0.07286686
38,0.08140716
36,0.090860486
52,0.25053817
32,0.21900928
32,0.13620344
34,0.07555592
55,0.2590899
26,0.16776568
32,0.27459785
61,0.12065944
45,0.3500409
37,0.19879746
38,0.19312343
34,0.18733555
53,0.25313336
48,0.29900903
57,0.26265097
33,0.057513118
36,0.23745653
54,0.17090452
41,0.25793046
63,0.2503008
48,0.18021467
48,0.40279847
56,0.24544555
51,0.14018139
31,0.27857643
29,0.24078527
41,0.18922883
32,0.15543652
37,0.06225702
42,0.32560477
31,0.078908
41,0.21403956
56,0.2452895
54,0.3420153
41,0.10886052
40,0.20034352
50,0.51604724
40,0.17421019
27,0.24438217
60,0.10650778
28,0.2341103
52,0.09555131
37,0.1720955
51,0.16278034
41,0.20215452
35,0.16545081
38,0.23633549
34,0.19511384
39,0.22164875
34,0.16400293
27,0.17417255
32,0.09304139
57,0.31132922
41,0.14955598
41,0.16676012
30,0.10903686
36,0.09579474
31,0.12638715
36,0.20988563
38,0.080477566
49,0.17737454
57,0.084039986
34,0.111964524
32,0.08760831
37,0.20653197
33,0.11050576
56,0.12846658
27,0.15708849
21,0.011957914
58,0.1605874
32,0.24731815
33,0.19132283
25,0.02576819
25,0.21788606
30,0.2859081
22,0.30449957
39,0.22293383
46,0.24380112
31,0.25898632
45,0.22210166
32,0.1999771
36,0.30130368
51,0.11488888
34,0.06131476
24,0.2104859
45,0.18773654
32,0.096505314
77,0.030396044
41,0.17588627
37,0.16330001
43,0.13526997
48,0.16825777
27,0.19740051
33,0.10580182
29,0.20217496
34,0.08502635
52,0.14499888
60,0.11910984
32,0.32122552
32,0.10109076
56,0.102243334
31,0.091236174
42,0.25684613
35,0.18623492
56,0.16627079
48,0.23714799
46,0.22047174
37,0.10686645
41,0.20161289
36,0.11236596
45,0.24259904
55,0.32757294
39,0.13346928
35,0.16360915
55,0.1586766
55,0.2301453
27,0.2365374
34,0.23908749
34,0.18816689
25,0.20825404
41,0.2446875
43,0.17362848
28,0.095871836
31,0.21984047
78,0.14766517
45,0.20562118
48,0.0785113
32,0.21361196
42,0.13691685
37,0.11404508
40,0.17267394
32,0.23477858
42,0.17902035
43,0.24162829
44,0.24392626
37,0.22943643
37,0.056456625
37,0.22595584
28,0.14271328
32,0.29158908
34,0.21743974
40,0.21775147
34,0.19254747
34,0.09377295
34,0.14211032
37,0.10229921
36,0.24079901
56,0.24785206
49,0.20304355
33,0.2377721
30,0.100753635
36,0.20717502
23,0.03562355
57,0.20089743
27,0.188687
38,0.35018277
42,0.07713649
75,0.068888485
34,0.05074945
48,0.25147074
35,0.14299971
39,0.24974921
29,0.04357779
45,0.13183305
42,0.24265239
29,0.25703633
38,0.10555142
56,0.14626029
36,0.1875245
25,0.2078641
38,0.10988411
57,0.100718796
31,0.2127822
42,0.14928597
45,0.24208847
30,0.23818043
49,0.20530522
49,0.34829563
53,0.10510445
37,0.19679117
49,0.1761193
41,0.09927213
54,0.15761271
32,0.108165056
33,0.24201944
33,0.22705725
36,0.17833921
35,0.1507447
52,0.24444994
40,0.15720779
44,0.15763974
45,0.04888463
30,0.04499373
48,0.27144784
33,0.22862509
57,0.13409
57,0.14418873
51,0.10282618
34,0.21093723
50,0.021274298
44,0.17197472
27,0.25954667
50,0.19966972
36,0.121981114
42,0.17552719
32,0.12384865
42,0.15072411
43,0.24102885
31,0.15536773
32,0.19522852
55,0.45829016
58,0.1759283
46,0.22072533
55,0.18590364
34,0.17653126
28,0.13637221
42,0.22179133
29,0.35557404
54,0.1810925
32,0.19957471
39,0.16537008
53,0.25368148
58,0.050399423
40,0.21229288
29,0.041986078
33,0.21342924
38,0.1746774
56,0.28668243
40,0.28383082
24,0.21381116
46,0.14618093
35,0.23394632
35,0.15888259
34,0.2107242
35,0.10924432
38,0.1490471
50,0.21650806
51,0.25887012
59,0.020512313
32,0.25089577
37,0.23024905
42,0.24378148
40,0.098448545
28,0.13689092
47,0.2525792
27,0.21525273
41,0.152262
34,0.16001916
50,0.16945884
47,0.1883282
53,0.36734653
53,0.22101572
47,0.18084916
49,0.29774162
29,0.17629117
45,0.17868876
38,0.27264905
32,0.25320238
70,0.079829544
65,0.046043843
56,0.22209045
35,0.25072688
56,0.12093088
56,0.2048156
49,0.28207302
38,0.1841062
35,0.13057452
38,0.19101554
49,0.25604755
55,0.121061236
43,0.17495066
43,0.17022112
25,0.15923679
30,0.16581073
46,0.31363082
50,0.22512946
35,0.3130681
26,0.123015195
45,0.12479591
37,0.30921918
60,0.078216285
38,0.06950569
47,0.16310486
33,0.22343704
51,0.11357859
35,0.260489
35,0.071386784
48,0.18552399
37,0.24727589
29,0.0720945
34,0.24417973
32,0.20331109
30,0.09379053
47,0.21325919
33,0.17932555
33,0.074768156
63,0.07219401
51,0.0586102
41,0.17507428
56,0.039825052
60,0.11352846
41,0.11926991
37,0.10569361
36,0.16426492
57,0.15850618
55,0.08702782
44,0.26149598
47,0.054933995
31,0.24746794
35,0.16305873
39,0.17283908
50,0.16533262
29,0.15602455
30,0.110254556
46,0.18531889
27,0.10473898
48,0.42554638
26,0.045944422
36,0.0995287
42,0.17578065
50,0.1531935
49,0.25105762
45,0.19232282
23,0.038034976
38,0.18745512
32,0.092211604
60,0.20424432
30,0.262527
58,0.10943937
60,0.10500598
38,0.17093039
51,0.24334034
42,0.23107257
30,0.11411166
40,0.15715215
37,0.15819904
53,0.23162505
27,0.17429537
39,0.23909631
39,0.16255602
59,0.018037796
37,0.13291153
41,0.17542216
45,0.21869281
48,0.12922493
48,0.19332772
32,0.30777007
35,0.20396417
33,0.058612406
28,0.18345237
64,0.017207414
35,0.22505933
33,0.23699743
41,0.20318338
34,0.22993907
37,0.04697621
38,0.2143291
39,0.17238903
35,0.25777203
28,0.35899705
27,0.31308275
48,0.21583575
50,0.24416545
45,0.24543354
41,0.15851057
39,0.25219214
44,0.16722444
54,0.22367847
49,0.19627866
34,0.3393005
75,0.05004537
42,0.18199891
53,0.30241323
49,0.29964906
31,0.21815172
45,0.2240628
39,0.2328785
46,0.23439193
42,0.16501647
37,0.15379807
26,0.13987133
37,0.08401942
36,0.10251498
29,0.17948997
36,0.16346225
26,0.168634
32,0.19507882
40,0.14812556
53,0.18833399
29,0.1531781
34,0.13952136
43,0.25615233
56,0.16462862
55,0.18457186
31,0.10682732
27,0.19043592
36,0.16686401
44,0.14976496
37,0.21848333
30,0.22982514
42,0.18798801
30,0.16276354
62,0.15887433
24,0.24571702
31,0.2101469
66,0.029048532
47,0.24786988
39,0.3053081
35,0.23527142
35,0.2763868
27,0.20105657
32,0.25169367
44,0.17802572
42,0.20492053
34,0.085493594
25,0.31184733
40,0.19909903
43,0.15457016
55,0.035894394
50,0.25654233
45,0.19463655
35,0.20762157
32,0.13393795
59,0.17087412
34,0.21389383
39,0.13181311
40,0.12145361
36,0.15321428
40,0.15433744
55,0.20684686
38,0.24520475
61,0.24658352
41,0.12761673
57,0.15509394
48,0.20359609
77,0.016203284
35,0.17569032
54,0.19539785
37,0.09257886
56,0.121976614
40,0.2522878
40,0.19090837
54,0.1488755
55,0.14529848
55,0.2531742
52,0.15646783
55,0.14849725
33,0.15258
52,0.12490791
33,0.109170765
53,0.21528068
46,0.24813119
44,0.19088435
48,0.17573464
50,0.15816867
34,0.19611925
38,0.20707875
42,0.09828341
32,0.08636838
58,0.2812385
31,0.17874354
19,0.059450835
41,0.18181688
31,0.18178478
52,0.16474491
42,0.14144072
41,0.20323879
30,0.29697084
38,0.25057372
32,0.15216354
52,0.24765971
48,0.25268042
36,0.16658595
45,0.037442178
34,0.1922569
36,0.17294756
34,0.10950452
61,0.137196
54,0.17065656
50,0.28986493
43,0.23866338
47,0.21627861
45,0.17175764
57,0.15937999
27,0.26324373
49,0.068120986
43,0.20260835
40,0.16568932
32,0.1741867
58,0.18346328
34,0.22131717
46,0.1665838
29,0.30852622
52,0.21213374
45,0.16733998
26,0.11975315
40,0.05509633
41,0.26647377
47,0.053512633
27,0.10105455
27,0.29220062
48,0.20764628
49,0.24736106
35,0.18127787
47,0.25155038
54,0.17290553
39,0.05055958
28,0.04410979
54,0.17368513
34,0.21382335
63,0.12464577
42,0.14890957
43,0.18468967
37,0.16229108
55,0.22041759
43,0.08608708
41,0.25884867
47,0.21799615
34,0.20148298
28,0.033744782
36,0.28866673
50,0.23921677
35,0.20802552
40,0.23188537
26,0.08773938
36,0.16111365
59,0.15106398
28,0.036331564
46,0.19453773
50,0.14500287
53,0.16965166
81,0.10027775
35,0.19586065
58,0.018204063
44,0.28669667
38,0.15625444
49,0.2596235
33,0.1131247
29,0.16242653
28,0.20157602
31,0.3089245
33,0.11716923
52,0.23214954
43,0.31678468
32,0.21205235
36,0.09437129
41,0.21244666
43,0.30935255
45,0.023017585
39,0.22472554
41,0.196998
31,0.22942233
37,0.117005914
28,0.17756659
47,0.1424154
37,0.14935115
60,0.030742317
43,0.22820681
58,0.14863983
52,0.21878627
50,0.094979614
32,0.31329829
42,0.17576692
31,0.2305642
28,0.194395
36,0.07638669
51,0.01072377
46,0.2148942
50,0.09743428
32,0.21322009
26,0.2909426
41,0.02399692
39,0.16900197
31,0.2132285
28,0.10668972
31,0.11965862
30,0.18491846
35,0.042514443
33,0.17465243
30,0.13440466
32,0.21358064
40,0.08768448
31,0.02649641
36,0.20622775
33,0.07824296
57,0.24486521
45,0.20896667
59,0.1373254
30,0.104367554
33,0.06216669
52,0.19012082
83,0.104592025
58,0.03578496
33,0.5391295
41,0.1744526
31,0.20591295
35,0.2741524
27,0.08716014
57,0.18525049
56,0.04594469
53,0.18328983
39,0.13556576
32,0.26414627
46,0.14947474
56,0.042666793
46,0.15273896
29,0.27718332
60,0.17767099
33,0.0882124
27,0.19498202
50,0.13649344
45,0.39105877
58,0.1625503
59,0.19924876
58,0.17827347
64,0.076351255
47,0.082316875
40,0.15037447
36,0.19219711
28,0.08726391
38,0.1349622
53,0.22625116
46,0.15916893
54,0.17539659
32,0.18579942
55,0.21427464
55,0.08003983
56,0.14072046
40,0.27590284
44,0.2463662
32,0.23610258
33,0.13683218
41,0.058169067
37,0.22687429
58,0.06838101
52,0.27797598
49,0.09959161
44,0.14224574
28,0.15597022
31,0.22090763
37,0.24168533
30,0.13706473
28,0.056533992
46,0.27132696
47,0.15571836
35,0.16686347
80,0.18315402
30,0.13203123
55,0.16797659
22,0.048196256
33,0.16492358
53,0.16868633
49,0.17145851
51,0.17118648
41,0.089066744
34,0.2413032
36,0.38455984
35,0.24031773
29,0.28518265
40,0.14356744
32,0.35190767
48,0.2702403
59,0.026455581
35,0.16623428
33,0.1513246
55,0.17305392
41,0.20071888
42,0.14264983
46,0.17654043
35,0.11350748
28,0.15386707
25,0.032708734
56,0.11216307
30,0.27508402
45,0.31455216
40,0.13071829
40,0.2432133
39,0.2597581
48,0.14783648
31,0.13880166
32,0.21949649
34,0.20114762
26,0.14003873
31,0.101796925
37,0.07452288
29,0.037400156
57,0.24135882
47,0.09612626
38,0.16862151
48,0.20225242
50,0.16635829
33,0.23651785
28,0.2320421
30,0.31175008
52,0.17206523
36,0.22938666
36,0.17695889
46,0.39587572
57,0.16579527
28,0.10220501
46,0.24905893
55,0.10867986
33,0.15404224
53,0.25752246
41,0.1834864
60,0.25718015
35,0.28306928
43,0.17432424
57,0.31450817
46,0.29380572
31,0.16479957
53,0.2083821
35,0.2128152
32,0.22087371
48,0.1511246
50,0.23984349
40,0.16135472
42,0.26511055
59,0.2474311
27,0.16836911
32,0.09466183
35,0.19163406
28,0.2623818
37,0.17989731
57,0.14998293
42,0.20579764
55,0.20674235
52,0.15084532
26,0.20364833
52,0.19311303
26,0.085733235
33,0.20231104
24,0.16995728
37,0.16474235
28,0.09823862
30,0.19952542
33,0.1661874
55,0.16444594
33,0.19415605
42,0.25714135
37,0.1567573
59,0.16003096
27,0.21547261
23,0.09141606
51,0.33429277
50,0.17274791
43,0.24156466
37,0.20019156
34,0.10606933
41,0.15235233
26,0.03549075
49,0.21663934
29,0.206592
30,0.08163157
38,0.13712385
58,0.20262492
34,0.04806167
53,0.19264674
50,0.17774987
30,0.16775799
40,0.18221852
57,0.12624466
40,0.13245758
41,0.24714148
53,0.08198425
48,0.25253618
32,0.13333175
34,0.15274361
46,0.24865323
45,0.29935825
51,0.18274125
31,0.17233759
47,0.22537902
32,0.30883917
41,0.24517882
37,0.12683374
27,0.23127088
27,0.25195956
50,0.19185653
31,0.075279206
40,0.025694907
43,0.113447934
39,0.046963274
31,0.2929889
48,0.24138176
32,0.23710951
47,0.12741536
35,0.08682406
42,0.08869898
47,0.27765295
59,0.12351018
38,0.2621703
50,0.12223452
27,0.3090918
55,0.13794175
39,0.09660867
31,0.17380586
37,0.20597798
28,0.19027272
42,0.22764635
40,0.09577334
59,0.13378304
40,0.17105782
43,0.23760179
38,0.2033794
54,0.18931806
41,0.22812045
55,0.07021648
33,0.1312474
46,0.30598205
36,0.18823364
48,0.059935093
42,0.16487756
46,0.09964365
49,0.18638438
36,0.25341937
34,0.121674985
51,0.4268128
58,0.21152526
48,0.16555047
41,0.19677225
49,0.17778301
43,0.15893716
32,0.3698213
54,0.2439971
33,0.2953665
35,0.23934749
56,0.2364263
57,0.15668109
31,0.13256201
33,0.1948083
29,0.075296044
38,0.06138006
37,0.24703446
33,0.27588314
30,0.09731501
31,0.26399148
28,0.14972377
26,0.09277487
31,0.12497407
50,0.12817135
45,0.2234546
48,0.19258592
41,0.22159022
60,0.16689005
41,0.19879144
43,0.16513422
36,0.1565133
40,0.24178779
28,0.10294908
27,0.03482738
49,0.13938215
37,0.1998226
31,0.25316674
31,0.22316372
31,0.25066614
35,0.17754099
51,0.10192907
33,0.20635352
30,0.12661207
58,0.18567535
34,0.22951967
45,0.1685586
28,0.3140462
31,0.15741974
40,0.12887159
30,0.31154913
34,0.24275807
40,0.27995646
59,0.15396646
43,0.13447952
41,0.1419791
33,0.1656644
33,0.1677747
36,0.30677485
32,0.24157816
25,0.23460373
25,0.20378736
38,0.15421852
34,0.15999073
67,0.25878465
32,0.19372386
45,0.1457327
33,0.16436899
38,0.21408498
32,0.16384798
54,0.39380616
51,0.15402967
42,0.17681703
41,0.23566258
39,0.3325022
38,0.20505607
39,0.18063718
46,0.21576959
50,0.35742134
33,0.19695899
37,0.20132264
31,0.18473604
34,0.07796225
34,0.06877625
36,0.16915458
40,0.1566414
40,0.30866557
41,0.24608988
52,0.16740349
40,0.09685308
48,0.099125415
33,0.26564205
44,0.16627744
55,0.18282524
51,0.30825484
34,0.08445445
58,0.038217455
39,0.10906461
27,0.08901557
55,0.15553504
35,0.25909585
37,0.13396364
52,0.22752357
41,0.24976596
52,0.24742994
34,0.1814597
53,0.3117705
33,0.11524528
47,0.1832093
35,0.24438739
33,0.08635795
55,0.19715205
58,0.13498044
44,0.23304778
25,0.11243841
37,0.16429624
41,0.17354435
34,0.3347314
36,0.14051488
44,0.021963656
34,0.31200075
56,0.41537362
43,0.16683736
28,0.2094782
54,0.20847878
37,0.16654143
59,0.019328266
58,0.5160856
56,0.18707961
32,0.27830935
42,0.09524232
52,0.09928611
46,0.14899552
37,0.21247914
39,0.16239834
31,0.23511398
59,0.13991714
38,0.25004435
58,0.17771491
34,0.09736395
40,0.17129341
20,0.017981559
34,0.2454435
31,0.13291153
39,0.2031982
34,0.2111868
24,0.25013012
41,0.15466127
40,0.15422761
45,0.18581769
36,0.13234788
53,0.12984821
23,0.042606354
42,0.217911
48,0.19211829
34,0.17770082
36,0.24453545
43,0.25094634
36,0.19460648
49,0.24795577
55,0.22116816
53,0.24000394
42,0.25411028
45,0.2625293
31,0.19458106
32,0.18148789
36,0.19708285
56,0.16859415
46,0.2546075
41,0.13185346
31,0.25890288
32,0.23998144
38,0.14461574
49,0.20933291
46,0.13824129
29,0.20124087
36,0.09039211
38,0.23430052
53,0.1908052
43,0.122495115
41,0.1281609
42,0.096574605
55,0.12641397
39,0.22841263
30,0.18296462
41,0.2510838
44,0.034308344
58,0.16923973
35,0.1967988
27,0.2408362
34,0.14264017
25,0.2818427
36,0.24215728
38,0.20664519
30,0.23145422
47,0.25392622
41,0.20025721
36,0.10067636
63,0.13409495
23,0.11279234
32,0.20670986
57,0.09832379
48,0.064866394
49,0.4010213
50,0.19712883
33,0.16463453
53,0.10788587
30,0.12967503
38,0.2567398
44,0.16095325
39,0.19750968
45,0.13091716
36,0.25414705
38,0.22379178
36,0.17365187
30,0.08508918
28,0.34526676
26,0.1449267
54,0.22000268
38,0.10372713
32,0.16783693
50,0.4250264
43,0.20771837
48,0.24833283
57,0.14039615
64,0.07432172
26,0.110159755
33,0.24101415
50,0.14839524
47,0.023187935
39,0.10487288
52,0.257409
31,0.16525394
50,0.22155225
47,0.24153158
30,0.09371176
32,0.15917468
36,0.16637719
46,0.10230094
45,0.16736671
37,0.20767379
58,0.15254483
59,0.1613183
28,0.15740997
48,0.15065712
55,0.021615237
37,0.155518
41,0.17941263
35,0.20338938
34,0.20514679
43,0.07208222
59,0.17674312
50,0.49404296
37,0.19395795
35,0.25729424
50,0.18777096
36,0.18109325
41,0.23330465
28,0.13165992
42,0.11324826
60,0.2391026
28,0.081018895
48,0.32401282
51,0.15265745
32,0.048532277
35,0.052008092
37,0.036040187
38,0.15462789
77,0.10501301
32,0.13058203
43,0.19317088
36,0.0748111
29,0.21949574
32,0.22238228
41,0.30026215
26,0.17844129
34,0.22378278
57,0.17340875
36,0.12319052
42,0.18943298
35,0.15693095
52,0.27721414
36,0.08868691
46,0.19367576
60,0.35739344
57,0.15302864
48,0.165795
59,0.1805779
39,0.19243845
44,0.2639899
27,0.103092134
59,0.23093244
36,0.2326287
44,0.2513802
50,0.2519858
41,0.22416043
47,0.21230385
32,0.1530878
38,0.21436673
55,0.06797144
38,0.103413224
31,0.08859435
38,0.4071081
29,0.040640593
55,0.18730798
35,0.2026326
40,0.04814121
34,0.24680886
32,0.046248376
33,0.11563218
33,0.13248697
37,0.24798498
58,0.12972212
36,0.2675104
42,0.2107476
34,0.057757318
35,0.12927657
60,0.14617732
50,0.16037807
28,0.052403986
27,0.20729282
37,0.17394608
31,0.24300936
34,0.14855543
38,0.12803963
32,0.21472669
37,0.22324717
33,0.2592628
71,0.02844444
27,0.24787009
38,0.18925676
34,0.20117384
54,0.069695204
30,0.2500847
35,0.28483313
33,0.1672757
36,0.1785292
59,0.021118492
72,0.17981556
64,0.13898396
53,0.16705707
35,0.106918365
58,0.20375979
40,0.23307261
41,0.20938873
48,0.20302674
44,0.292528
39,0.06839362
61,0.18063855
36,0.22038451
28,0.20921364
58,0.1483708
60,0.22251996
66,0.23370725
36,0.103591025
49,0.23735711
40,0.21672368
23,0.20457983
29,0.03203568
44,0.16466367
54,0.04591629
47,0.19441673
33,0.16322511
30,0.25147223
27,0.28954554
49,0.19039503
27,0.117176384
51,0.2365394
32,0.31776172
30,0.2185309
33,0.23637229
27,0.16838476
75,0.06854066
37,0.1949738
36,0.18469515
37,0.20556289
35,0.12819886
32,0.2899529
32,0.2930051
35,0.20777348
31,0.17985418
28,0.21539384
27,0.25521845
22,0.035482287
35,0.18021381
69,0.09041479
37,0.2639595
45,0.21402389
47,0.15785787
52,0.14796406
33,0.2781896
60,0.20607683
33,0.17034855
44,0.24408755
38,0.31131908
54,0.23563474
32,0.087317705
33,0.239934
55,0.10962638
51,0.1757215
48,0.25228238
37,0.16992521
33,0.29914707
30,0.21471557
43,0.14562866
49,0.19438797
54,0.15543416
31,0.036856413
54,0.043210596
36,0.19721615
30,0.24735528
27,0.26684028
30,0.264324
30,0.19761673
35,0.16211858
33,0.1020717
43,0.24769852
41,0.21844953
41,0.107293546
46,0.4459713
54,0.20846307
32,0.1326912
30,0.1370646
40,0.24597132
30,0.18751794
27,0.24733466
41,0.16206148
54,0.2857052
32,0.08574459
31,0.15380052
42,0.19031104
48,0.22193533
34,0.17601585
55,0.22188708
49,0.14366278
46,0.20545828
47,0.19623846
24,0.08312675
58,0.23313528
32,0.101463765
25,0.045516938
49,0.2501298
59,0.09695348
30,0.06945306
46,0.18931556
42,0.05401793
37,0.14771712
44,0.15928778
49,0.39689606
41,0.30421242
48,0.029628247
31,0.19127786
37,0.028844059
51,0.27163255
80,0.079894334
32,0.077793956
48,0.13786474
49,0.13156018
30,0.1564596
27,0.20582774
34,0.24716559
49,0.15910149
48,0.10428834
40,0.40181702
38,0.24869898
46,0.17396381
41,0.27971166
28,0.085870415
51,0.102368355
33,0.19501212
26,0.07692093
34,0.29959106
27,0.1931076
42,0.15214297
45,0.23113972
31,0.19897571
32,0.065374434
39,0.17795059
26,0.20351782
40,0.08941987
52,0.3630787
40,0.15503818
48,0.25339842
31,0.19595745
27,0.16777158
47,0.20319206
28,0.10406849
40,0.1920917
34,0.23156548
29,0.14133209
36,0.17700556
83,0.08199325
55,0.17699528
43,0.30266142
23,0.022490859
44,0.07636139
58,0.17063823
29,0.22225788
30,0.08063692
29,0.2328166
41,0.24284405
35,0.15896544
31,0.20258343
27,0.24721435
47,0.17991942
53,0.1380027
34,0.1544165
34,0.17960554
36,0.15350878
40,0.24104291
37,0.04724872
65,0.013628155
53,0.17181692
28,0.22616923
33,0.3143165
56,0.21788129
45,0.085843354
39,0.18056503
28,0.10408008
36,0.17435595
41,0.17784804
46,0.26476735
41,0.2372376
59,0.32589775
24,0.23243436
34,0.13431564
40,0.16293997
42,0.2588905
50,0.25940746
25,0.08334187
51,0.06923899
50,0.20164093
37,0.13871676
21,0.057975978
52,0.2073057
55,0.120283306
26,0.2092005
38,0.05556333
32,0.20566672
31,0.19450626
34,0.17337105
33,0.1554724
35,0.18044877
44,0.16199318
48,0.28821152
29,0.24427441
50,0.1867871
37,0.15011516
44,0.23173985
36,0.098656476
49,0.11154419
31,0.21056437
49,0.15560916
35,0.14749545
57,0.074113995
42,0.17705968
36,0.14557645
75,0.07269475
38,0.19146228
40,0.14777052
38,0.16211987
34,0.07881996
29,0.13402373
28,0.17434978
79,0.09428796
51,0.17670801
32,0.040176272
36,0.06675953
38,0.30601853
49,0.21143994
42,0.28678513
43,0.17375764
34,0.1930781
59,0.21861863
35,0.2069026
33,0.18987915
34,0.21556008
64,0.12334877
34,0.30000547
77,0.029246777
57,0.09675491
30,0.19437277
56,0.17093623
49,0.046964467
73,0.06828162
39,0.19186443
57,0.20378512
32,0.24255806
32,0.14393067
45,0.23684904
32,0.19641915
31,0.15451813
49,0.13084266
29,0.32225275
55,0.22589362
30,0.23028895
45,0.095190346
39,0.04973921
36,0.26142308
33,0.1676183
36,0.1518234
31,0.22882414
36,0.03869903
38,0.13339943
33,0.27995527
40,0.20516548
31,0.30863816
39,0.2801916
33,0.27593642
53,0.2993614
38,0.15809888
59,0.087412685
55,0.20899281
38,0.06320089
48,0.1627661
53,0.21028247
44,0.43873823
57,0.1294052
29,0.21500704
31,0.18477392
35,0.15082353
31,0.22199401
35,0.02310276
40,0.1271416
39,0.26541036
43,0.12205833
44,0.21632299
29,0.039313585
40,0.20473847
33,0.25228432
46,0.1702207
27,0.03610176
26,0.2696662
41,0.24357152
34,0.23258215
39,0.16750583
27,0.26515526
31,0.25911453
44,0.11732122
55,0.036864102
51,0.11285442
50,0.13427508
30,0.28463203
46,0.13347265
49,0.24738532
56,0.25026065
47,0.3775607
30,0.40887415
36,0.28330487
40,0.15895388
37,0.20044291
42,0.3786077
45,0.24869323
34,0.12544063
27,0.3058872
30,0.25500202
32,0.24737015
46,0.1686511
29,0.10437247
53,0.025990188
32,0.21079642
49,0.18321154
35,0.2046836
38,0.24239898
39,0.25156534
34,0.2035734
42,0.14648452
35,0.085314244
60,0.25323212
57,0.14766258
31,0.3487168
29,0.10253033
41,0.17062142
46,0.17186028
33,0.26392686
32,0.2028074
54,0.23298034
37,0.27390587
32,0.20065853
43,0.1513376
50,0.117982954
34,0.25533336
31,0.45089212
43,0.22827536
49,0.31477422
22,0.036382705
35,0.1748406
56,0.29003274
53,0.22325203
54,0.245727
32,0.08199799
41,0.2434625
40,0.25142914
33,0.17913452
33,0.10188663
34,0.24769777
36,0.20420736
34,0.31461185
55,0.16597915
28,0.044575095
29,0.22542888
31,0.21335313
52,0.15533671
54,0.076385915
43,0.1604715
55,0.32844514
28,0.09546885
45,0.16174626
45,0.21670175
51,0.14896572
42,0.1809521
43,0.03289956
34,0.18721461
36,0.14339209
37,0.25217596
50,0.2253626
42,0.12638149
34,0.12288627
48,0.15940803
47,0.23598832
40,0.12458116
37,0.17275348
38,0.17542031
29,0.13686436
46,0.1695959
26,0.19666058
30,0.07330871
42,0.24744779
42,0.08766869
31,0.19954565
37,0.07521039
26,0.19452438
54,0.08586919
70,0.109493256
29,0.17375594
50,0.28541118
60,0.14400557
32,0.20511952
32,0.22005326
34,0.121270955
48,0.16742855
25,0.109270126
32,0.18557975
32,0.18202832
47,0.14980885
32,0.030961603
49,0.07546434
53,0.28662252
41,0.059583426
47,0.33492318
35,0.16625258
33,0.10965896
49,0.17262617
46,0.35744846
29,0.2437017
58,0.17064413
40,0.21109968
34,0.15629593
60,0.10279742
43,0.1700575
50,0.17126
33,0.25382614
37,0.17507616
55,0.12024197
45,0.25348413
47,0.21687448
58,0.13441408
36,0.2606597
55,0.1900348
31,0.19515523
38,0.24692574
42,0.19040358
32,0.1670723
39,0.28248322
41,0.24805188
59,0.19639513
42,0.04696265
33,0.23895118
53,0.13958865
43,0.16834012
39,0.05657795
27,0.2346848
39,0.12970203
27,0.29960272
33,0.23608556
29,0.10489401
33,0.32790703
41,0.3158731
38,0.13362837
30,0.15551072
58,0.012909353
37,0.27304512
36,0.2121076
45,0.18357664
23,0.20490819
53,0.11782718
44,0.15925637
32,0.2131105
32,0.15754846
38,0.21394145
47,0.15013358
34,0.104127795
52,0.18835309
45,0.21490353
50,0.16228142
52,0.1667662
37,0.20317295
51,0.18711933
32,0.15537018
33,0.1936894
28,0.19922712
66,0.152504
31,0.10912919
35,0.172075
47,0.17542008
36,0.16726574
32,0.15099636
34,0.16637456
40,0.23702213
33,0.027194768
39,0.25442904
38,0.2126401
32,0.20983341
65,0.039197266
34,0.038220435
34,0.20513794
42,0.14379334
31,0.28332114
47,0.19462362
44,0.17177498
38,0.18315157
28,0.08305788
46,0.19358504
51,0.5129187
42,0.24256471
37,0.20142394
58,0.092713475
43,0.18646511
36,0.07510197
34,0.23927331
31,0.08333373
49,0.1251184
54,0.15540192
29,0.116716444
51,0.348702
40,0.10179672
35,0.100966245
25,0.04507774
32,0.20610514
30,0.25750464
38,0.15284011
46,0.2440047
43,0.18219134
32,0.15183398
29,0.21575439
56,0.202043
57,0.14025334
38,0.2645995
51,0.13279328
35,0.24177691
37,0.17877096
48,0.17618886
30,0.18226409
60,0.13270423
56,0.15483952
45,0.16668603
38,0.17237821
20,0.03680858
59,0.18052581
34,0.060934573
36,0.09341854
53,0.19337124
51,0.14802343
58,0.12854505
48,0.16103658
56,0.14607191
51,0.21720576
35,0.2584398
40,0.08312407
59,0.14831698
44,0.34881198
49,0.1853379
35,0.21717158
41,0.17371055
55,0.10941887
51,0.24013606
27,0.31248316
57,0.22334787
51,0.10284409
38,0.12168631
49,0.23777357
40,0.06670153
47,0.02470842
48,0.19094205
47,0.18839037
56,0.3422373
29,0.032943398
38,0.20142439
32,0.1640423
42,0.19566455
30,0.23302206
26,0.15127185
35,0.116168976
35,0.2193067
35,0.036157936
57,0.29248023
29,0.29885462
32,0.4113826
45,0.23253778
51,0.08705336
31,0.18461254
50,0.107966065
38,0.22645783
37,0.15893951
35,0.12775698
37,0.026028603
28,0.08299139
38,0.13009301
43,0.18727091
43,0.13358545
56,0.16952127
32,0.05256188
58,0.23804855
47,0.1662617
31,0.18067756
38,0.12814245
50,0.1975528
32,0.30929917
37,0.1177336
39,0.13409093
40,0.20383865
41,0.20024386
45,0.24211237
31,0.26184255
54,0.2078157
39,0.26619387
56,0.20717695
35,0.2482852
34,0.18828475
31,0.20245165
38,0.056334704
41,0.08925119
44,0.2249048
49,0.1876637
30,0.10630289
31,0.06451121
34,0.16655278
70,0.038015515
45,0.12956545
31,0.18476442
57,0.24713072
40,0.09682709
28,0.2477988
44,0.21350494
49,0.116528064
46,0.15167946
34,0.18540528
58,0.23358417
52,0.3519656
27,0.22977656
48,0.2302143
33,0.26915613
46,0.23889181
51,0.11140886
31,0.18909761
35,0.19293058
37,0.28223708
60,0.21469927
40,0.2592734
50,0.17420879
34,0.29368746
32,0.21893841
36,0.10976738
32,0.14832628
40,0.28826183
37,0.14758393
57,0.15605274
46,0.16631949
31,0.16123578
39,0.44073772
35,0.17222264
32,0.22218159
44,0.23094293
41,0.1827757
59,0.09205827
39,0.28548163
54,0.1894232
27,0.17502108
51,0.21466911
33,0.19660124
38,0.19718742
52,0.14804122
54,0.30973744
33,0.17767018
50,0.21132067
39,0.22736236
34,0.0947178
41,0.2228607
48,0.15893146
38,0.18064487
34,0.19450316
32,0.2543541
48,0.16471192
28,0.17457354
47,0.12768859
32,0.17720652
32,0.23528326
38,0.20401391
86,0.05665958
47,0.22047079
42,0.16753122
44,0.18093914
25,0.024176747
34,0.12611157
34,0.24911204
53,0.2131674
42,0.15579551
30,0.19120505
26,0.15748692
40,0.18540111
34,0.18513697
34,0.24820241
40,0.16880083
36,0.13838625
34,0.18103054
32,0.20759487
39,0.2342957
36,0.057767093
39,0.20587012
33,0.14319226
34,0.21350986
42,0.1666072
46,0.2350584
32,0.095158935
27,0.37522584
35,0.15201259
53,0.043402255
29,0.22061756
35,0.11400682
49,0.16420546
58,0.16690356
40,0.12532195
19,0.03713855
30,0.024484456
34,0.1976496
60,0.14338893
28,0.034279615
46,0.06546125
49,0.18015036
59,0.3166887
44,0.17554718
33,0.06049627
54,0.21221545
26,0.21125594
54,0.22669128
48,0.14410117
30,0.24028549
29,0.08274308
51,0.31420222
53,0.15715468
43,0.2526198
34,0.21300086
40,0.31129402
43,0.21256733
33,0.22175318
66,0.12962097
44,0.15299812
33,0.17428106
31,0.21511874
71,0.09392682
22,0.0767411
46,0.032721967
32,0.18607554
45,0.31371486
32,0.17263675
49,0.21434781
27,0.20970392
46,0.24430987
37,0.11480063
30,0.17467952
44,0.19444004
45,0.22983938
27,0.047147036
57,0.14283791
66,0.172425
40,0.19612226
48,0.26094988
33,0.20193705
42,0.2090317
47,0.20952022
27,0.15196574
78,0.0140913725
50,0.2660216
46,0.20095924
41,0.11988366
36,0.12403017
49,0.19360712
46,0.2521957
77,0.08020356
30,0.1269933
43,0.13618475
44,0.19091529
40,0.17561135
38,0.1616945
25,0.049628794
49,0.15446433
33,0.17952362
40,0.106333554
44,0.17416781
32,0.25259972
52,0.1468085
35,0.15339074
35,0.23339725
32,0.18093833
42,0.19567841
59,0.09754035
44,0.20567518
50,0.28094462
27,0.29867402
55,0.30502176
54,0.062264413
31,0.14958897
56,0.06405792
51,0.021828413
61,0.15305787
34,0.18683869
56,0.1741586
29,0.039002895
34,0.075794846
35,0.16975126
56,0.40621692
45,0.2618448
31,0.20167619
37,0.31528696
43,0.23585007
40,0.1363559
44,0.1568555
38,0.2799341
58,0.31422824
24,0.22710821
53,0.28557214
36,0.2608422
28,0.18392149
45,0.15904576
32,0.13452274
46,0.23232645
28,0.1731616
51,0.15706116
51,0.17527801
30,0.19411549
39,0.18286774
28,0.16677403
31,0.082879454
31,0.16904438
38,0.17294213
31,0.17933795
74,0.0681034
40,0.09824237
43,0.2397969
34,0.13640454
54,0.3570251
51,0.17440212
33,0.30874085
41,0.06781089
33,0.11247721
48,0.2487644
42,0.07057017
35,0.08659133
25,0.27053392
38,0.1615341
45,0.23699313
59,0.30134976
47,0.11937109
33,0.15390366
59,0.16484675
41,0.4649991
42,0.24787438
51,0.06381658
45,0.15068817
30,0.12816027
33,0.21067491
43,0.1835975
37,0.25872865
73,0.08749151
43,0.19027975
52,0.12169811
44,0.12740293
56,0.15467152
21,0.11578372
43,0.07218978
54,0.1971958
59,0.09189305
52,0.18715787
31,0.20280477
53,0.249495
24,0.19274268
57,0.1908899
48,0.102339715
57,0.231507
51,0.21578243
50,0.32155496
34,0.19241357
43,0.16138434
31,0.1866501
29,0.13874906
39,0.17759869
36,0.098903626
38,0.03814158
56,0.22988892
41,0.11770272
47,0.23691562
38,0.0893476
80,0.060422778
37,0.28265658
44,0.07918748
33,0.356054
53,0.23212811
69,0.03718531
46,0.19965127
30,0.089921236
31,0.2578314
38,0.3146447
34,0.14504588
48,0.058344394
46,0.53471994
42,0.23992333
41,0.19928226
33,0.25204927
39,0.17785716
27,0.04815045
26,0.03269866
38,0.0749954
48,0.18793693
54,0.39054316
51,0.35470337
47,0.13241571
53,0.23564327
35,0.17671698
58,0.10580951
52,0.19787425
57,0.22287944
52,0.16789883
35,0.088774174
48,0.20098099
46,0.12323043
39,0.07832122
38,0.012027144
34,0.2423614
47,0.26519
35,0.33213112
46,0.1681948
27,0.18986005
31,0.24805859
31,0.09938699
46,0.23176119
31,0.23616019
33,0.13066027
42,0.1446358
33,0.15128732
40,0.14975688
51,0.22549617
31,0.033677667
62,0.031840026
24,0.018129706
48,0.055379182
41,0.17853329
43,0.12400925
52,0.24164283
54,0.15929341
32,0.06406215
38,0.17576343
41,0.22197708
31,0.18219751
35,0.13962576
26,0.28283712
52,0.043900758
58,0.24267572
57,0.11641374
34,0.1305038
59,0.21092716
27,0.23273712
42,0.26982182
47,0.04789394
33,0.2623725
31,0.17452264
37,0.13782355
29,0.3069818
38,0.1598759
35,0.14513487
31,0.16348323
62,0.15268081
32,0.13543656
31,0.20499858
51,0.22730553
29,0.26869616
43,0.1745385
36,0.21352834
34,0.18281496
29,0.18008754
57,0.18008032
43,0.18585134
33,0.30577362
60,0.16271201
51,0.17024681
40,0.3042792
51,0.23508677
38,0.18779495
35,0.21941447
47,0.19950154
45,0.22473615
40,0.27721393
29,0.27639842
52,0.16982225
26,0.24811321
31,0.16759372
55,0.10021177
35,0.17732808
56,0.23759061
28,0.06259212
27,0.043772787
30,0.25851268
51,0.051437914
33,0.18362007
32,0.16130623
43,0.2839296
46,0.2183803
32,0.16261372
40,0.25805515
39,0.28422803
51,0.21926528
46,0.08829728
43,0.16081727
36,0.055852264
48,0.17361656
26,0.22928733
39,0.13718924
47,0.19079572
23,0.2229101
54,0.2225599
38,0.2577676
33,0.26535544
35,0.44566846
52,0.36250132
25,0.14028811
29,0.1446077
35,0.14944807
49,0.24495494
41,0.38917434
32,0.1858857
29,0.21932873
28,0.24913484
59,0.1346961
34,0.16601184
55,0.33662337
34,0.16563743
24,0.049111903
42,0.20099685
34,0.060449928
34,0.2835978
51,0.028347194
58,0.18974888
44,0.22949934
33,0.23772165
34,0.19722512
34,0.25994384
42,0.15541098
46,0.09869295
31,0.044116527
39,0.3135504
34,0.108854264
47,0.2506065
42,0.09591851
48,0.29433304
30,0.06646809
38,0.23539859
24,0.27496344
34,0.23898095
46,0.091745764
32,0.21725243
46,0.2851643
26,0.11625621
42,0.254732
50,0.23261422
41,0.16101244
34,0.26469713
32,0.19322515
58,0.07812065
45,0.244807
28,0.23302025
35,0.20735165
39,0.18159086
49,0.007324785
50,0.14931762
37,0.06774837
45,0.2194578
30,0.16043022
48,0.1292488
36,0.08040708
41,0.10147083
55,0.28713334
70,0.090381175
41,0.14734432
47,0.29123437
34,0.20129877
33,0.087617576
58,0.19197565
51,0.1643776
45,0.1261527
55,0.16776097
30,0.18321332
33,0.1474401
27,0.11757505
59,0.25428927
34,0.07755363
47,0.27081454
44,0.16463608
35,0.21460694
45,0.14870673
42,0.20458275
38,0.24722111
34,0.19496125
35,0.24259949
29,0.14359546
58,0.15505138
44,0.15970704
45,0.29181367
43,0.1978283
44,0.27633613
30,0.20991158
38,0.02998203
50,0.25199488
21,0.02701968
38,0.31734306
42,0.27995747
45,0.15805969
34,0.28044617
48,0.2633354
34,0.27927375
32,0.24502459
35,0.079741746
39,0.20411336
36,0.14851958
35,0.22917649
57,0.29460493
28,0.18138921
43,0.13460183
57,0.1776742
34,0.09986356
36,0.12115842
47,0.24439085
36,0.14598194
33,0.18449956
57,0.18473041
57,0.122769654
34,0.26423764
51,0.096957654
54,0.47576568
52,0.08503905
43,0.29575637
58,0.17185593
53,0.23374155
44,0.18192032
29,0.04376942
27,0.111987114
35,0.22183228
40,0.13490921
34,0.20983225
38,0.17430487
32,0.19876483
41,0.26246613
25,0.21715301
38,0.19506788
26,0.20509487
37,0.15762728
30,0.1100201
36,0.22040382
33,0.1758478
33,0.10748261
35,0.15323174
24,0.14838204
29,0.14277807
54,0.25271046
27,0.24668434
34,0.21507573
39,0.16235247
38,0.17323178
37,0.13901418
26,0.1544114
36,0.23979962
35,0.080317795
30,0.08600807
25,0.2017445
34,0.23580882
52,0.042211384
39,0.3089463
34,0.16677904
34,0.11229536
30,0.2797106
33,0.20052767
30,0.03547272
51,0.17047554
36,0.11842504
48,0.21409541
37,0.097560346
58,0.15833989
56,0.3277056
34,0.2584388
33,0.25348908
26,0.24636522
40,0.08767378
35,0.28521284
45,0.23799846
37,0.19628203
35,0.17420477
43,0.039399028
28,0.25029302
32,0.17528301
26,0.12983158
35,0.20661443
35,0.21088395
39,0.22363985
42,0.13372797
32,0.053799123
30,0.18355715
26,0.08640441
30,0.04593417
32,0.15436009
47,0.2757724
33,0.13560739
57,0.19993642
35,0.23066074
53,0.0654296
24,0.4879138
54,0.33808726
31,0.12914562
41,0.2879026
44,0.28118455
35,0.17084154
30,0.18371522
43,0.14769167
51,0.33685124
60,0.120336354
43,0.19604746
31,0.1550489
56,0.18729699
42,0.2415717
52,0.27298105
40,0.2396717
36,0.18738103
40,0.17225337
46,0.25495037
32,0.26859376
31,0.08925766
41,0.23520315
58,0.14459491
36,0.28765178
52,0.23494247
42,0.1718955
32,0.09783614
62,0.17023206
31,0.15498203
41,0.26686227
34,0.02271232
44,0.11468321
42,0.1754401
37,0.2358943
47,0.18938649
32,0.21255296
46,0.25533122
39,0.1598824
28,0.11067209
26,0.03459835
52,0.22754648
42,0.07669768
33,0.07763961
73,0.088186204
35,0.28964514
40,0.1521241
51,0.18251663
37,0.21350786
39,0.1653583
28,0.20209509
49,0.25616103
36,0.26558673
45,0.21022823
29,0.13519484
35,0.17371994
35,0.14801526
30,0.23713923
46,0.20429459
25,0.052565366
36,0.062054276
42,0.16140646
57,0.24723351
42,0.31183988
29,0.15503618
36,0.051182985
31,0.14687261
59,0.16608009
50,0.0802713
47,0.2997223
46,0.18983528
26,0.17189065
31,0.16944966
30,0.15673858
47,0.05430892
23,0.1554285
44,0.11639178
42,0.13498566
32,0.17302269
28,0.22324216
57,0.18372151
38,0.22864613
22,0.033272058
54,0.23899245
32,0.19835696
32,0.17322943
59,0.16346729
45,0.13668346
53,0.19541612
50,0.17378789
34,0.24405107
35,0.42529184
30,0.17199448
62,0.2037242
40,0.19105443
26,0.052826524
34,0.15375972
50,0.01824385
31,0.115643084
35,0.19983116
55,0.10523149
34,0.24602976
58,0.11144596
50,0.07060745
31,0.2147088
47,0.4019969
38,0.11782259
46,0.11599216
42,0.1628379
34,0.2504144
37,0.16609097
38,0.053381294
59,0.24253881
32,0.24624074
55,0.16714653
35,0.28116736
56,0.29947627
27,0.21998194
42,0.13546935
42,0.016780674
41,0.16337621
53,0.8234674
67,0.09449226
53,0.14932844
33,0.17092362
31,0.11461949
31,0.23463848
30,0.15467837
48,0.13450137
30,0.20086199
43,0.19885403
38,0.2603256
46,0.20081666
59,0.21678245
44,0.2487964
35,0.23843336
55,0.07500729
39,0.08886868
36,0.10011214
33,0.19371098
48,0.05548352
33,0.09817654
67,0.0144917965
48,0.14561597
57,0.17754838
31,0.14622149
30,0.046725363
56,0.18810439
26,0.17975831
44,0.16935673
44,0.118910044
31,0.13015717
47,0.050164253
30,0.22548229
37,0.21088424
56,0.34699082
43,0.13503432
42,0.17258316
60,0.1558392
34,0.17184499
34,0.102856636
41,0.13831174
38,0.2508306
23,0.20097858
33,0.1513542
36,0.25440502
49,0.026927918
34,0.21432686
40,0.21890765
72,0.09501046
43,0.20231313
44,0.23933256
35,0.23596412
46,0.438531
55,0.24015018
50,0.22795561
23,0.112677485
34,0.039755613
40,0.19088405
61,0.14687225
53,0.195357
57,0.13604677
28,0.28313148
25,0.2368652
38,0.19436085
27,0.11140564
45,0.19830793
31,0.31491724
39,0.1709452
42,0.22995913
46,0.12392154
36,0.2027261
30,0.07971883
32,0.25008112
52,0.03291422
31,0.17862236
60,0.16690728
35,0.23094887
38,0.13001761
46,0.33357507
45,0.32094562
59,0.28680402
34,0.16078484
33,0.21510291
46,0.12858298
48,0.24412468
31,0.27059072
32,0.2520544
35,0.19609565
36,0.19126424
52,0.14635888
45,0.2400682
34,0.18050337
25,0.15478426
26,0.0907442
57,0.11744526
48,0.15574166
48,0.045971304
32,0.21679267
58,0.14020684
57,0.15417156
31,0.26796088
33,0.32560322
53,0.30281168
36,0.2428683
32,0.13553414
45,0.24877846
35,0.12365657
41,0.3708912
54,0.30795652
49,0.3826041
28,0.1369361
24,0.10420221
30,0.2236546
32,0.16957176
53,0.20694149
42,0.17641357
48,0.15794808
33,0.24127865
31,0.14622405
56,0.073906034
58,0.106734395
37,0.21863636
59,0.15517431
50,0.09878266
39,0.14798117
30,0.24708468
47,0.09175545
44,0.16824034
38,0.175289
50,0.17469823
27,0.11500254
73,0.12056783
46,0.16558078
56,0.6822647
36,0.19118947
33,0.21429309
40,0.13347685
52,0.13548541
51,0.25085145
33,0.2508862
54,0.17109847
44,0.1773836
50,0.2551031
45,0.17467418
36,0.13854375
42,0.24608997
37,0.23934016
28,0.10786718
56,0.28634596
59,0.23095277
32,0.19586572
57,0.1844511
49,0.16980857
56,0.13502008
48,0.089245856
27,0.013506174
31,0.08872357
28,0.41904438
36,0.1367026
58,0.16537577
46,0.23706141
32,0.07353312
39,0.25779688
35,0.093734115
31,0.15105623
29,0.025373518
48,0.2126247
60,0.0930523
74,0.063667744
30,0.17681709
52,0.19015318
24,0.2503662
29,0.17816299
33,0.16121873
34,0.2090174
45,0.37309116
31,0.40830436
45,0.2181527
27,0.20680085
30,0.10475466
45,0.21528521
57,0.25551865
34,0.07966414
40,0.23688784
39,0.18739814
46,0.062681496
55,0.21550938
25,0.09652531
34,0.20737818
37,0.093542635
64,0.033409745
45,0.17387226
57,0.17493454
21,0.021163434
58,0.16363043
41,0.22585648
41,0.13173088
58,0.14549828
33,0.11821598
32,0.15659478
44,0.096129805
47,0.03258252
41,0.15101016
54,0.058357596
47,0.121608526
32,0.109185725
59,0.068742365
29,0.17292231
48,0.2831331
32,0.18496192
46,0.22369975
31,0.17470065
53,0.28401816
34,0.13285103
48,0.05135584
32,0.2364505
31,0.17479917
27,0.15561956
60,0.23147672
34,0.13375112
52,0.23433852
48,0.24450073
45,0.13716304
54,0.22240198
52,0.38382566
47,0.29182658
54,0.23662406
34,0.24913952
39,0.16873145
46,0.25037652
26,0.12851313
37,0.17894793
47,0.25260627
35,0.2516507
57,0.14995503
34,0.15474856
47,0.22698435
27,0.20865077
40,0.24231887
39,0.24768841
36,0.11546853
42,0.19624525
23,0.19043142
34,0.12986928
34,0.19276655
49,0.35646886
57,0.17351457
59,0.021705925
57,0.20156494
34,0.2566328
61,0.16543767
35,0.17319536
42,0.20233688
57,0.047615618
42,0.23580101
53,0.2556097
63,0.09992957
47,0.1956397
54,0.18058878
45,0.25017002
28,0.08088678
58,0.1665121
48,0.10953751
35,0.24245197
37,0.024225503
37,0.21147883
37,0.21180451
25,0.28104663
58,0.25282806
52,0.15741542
19,0.03845641
59,0.2547378
41,0.21127689
34,0.16427374
35,0.13275495
41,0.1456514
28,0.19214842
53,0.25743705
35,0.2351535
33,0.2153168
37,0.18704006
32,0.1981192
32,0.21235469
54,0.09335154
44,0.2089197
36,0.25872934
56,0.23738858
30,0.058887124
36,0.19303054
43,0.17435151
40,0.19572577
32,0.13212886
34,0.21280447
37,0.20988306
28,0.26103583
35,0.20793426
53,0.2494224
60,0.16419294
40,0.28931537
57,0.1104486
29,0.23485592
44,0.17345178
41,0.12271422
47,0.23392278
43,0.07452026
37,0.20536429
34,0.13591212
30,0.23476368
57,0.361653
26,0.18981579
34,0.16267017
46,0.57969296
38,0.300292
37,0.21128333
28,0.09230378
57,0.17767969
39,0.10794023
49,0.2049784
38,0.23719844
27,0.21210694
30,0.23260376
38,0.26412112
36,0.13538593
38,0.05633968
59,0.14095935
37,0.15398493
29,0.15627617
43,0.23131514
33,0.23885962
54,0.13095874
55,0.17126173
32,0.13385805
48,0.18904912
33,0.07285619
46,0.2479533
44,0.1874038
47,0.1756669
38,0.10179606
80,0.10633916
40,0.22182995
43,0.3062691
32,0.1497213
39,0.18506232
33,0.23731068
31,0.21038449
36,0.090951055
35,0.10755819
25,0.063953966
33,0.123310566
23,0.16302752
31,0.05526501
36,0.13690746
44,0.14649278
31,0.08765161
55,0.17148802
51,0.1026237
36,0.23131159
27,0.04800725
40,0.28778142
49,0.16361839
59,0.10200432
32,0.15112272
42,0.106175035
35,0.15719235
29,0.21132395
29,0.21166465
37,0.3317916
49,0.20774609
51,0.22519135
61,0.12835822
43,0.1577839
42,0.27174434
24,0.19548404
46,0.014150053
23,0.27557796
26,0.17499992
43,0.1737251
35,0.13977906
38,0.22150582
56,0.07294616
31,0.19265607
32,0.08032918
28,0.112972975
26,0.21603134
49,0.17322391
33,0.2689636
80,0.07912612
40,0.25523615
42,0.20439723
46,0.29792976
32,0.080685616
37,0.074876994
32,0.14930809
53,0.12369034
39,0.1078735
31,0.23417553
34,0.10335681
44,0.067293376
35,0.24302742
39,0.24792996
55,0.1449039
34,0.17345065
39,0.07136124
58,0.12988883
37,0.18297938
56,0.050519973
32,0.2208645
41,0.048213273
29,0.20102003
44,0.16943988
24,0.19490016
43,0.14146161
26,0.1637992
39,0.23559016
49,0.25165695
52,0.16403311
33,0.14907971
30,0.19395316
32,0.15849078
27,0.112329155
58,0.17279795
46,0.19871247
28,0.08854374
39,0.14892012
41,0.13782638
38,0.1788131
50,0.1450958
56,0.16639113
34,0.23200089
33,0.15335271
61,0.20898837
36,0.302377
34,0.20313013
36,0.20925614
45,0.16315693
27,0.050673634
45,0.23556173
40,0.023632675
36,0.121800125
46,0.18870696
37,0.20245403
36,0.23391137
37,0.2575909
22,0.046804607
51,0.15571198
49,0.24434671
35,0.18105534
50,0.13983557
31,0.2017372
47,0.16513762
59,0.21745083
32,0.23874527
71,0.098694384
31,0.07618868
41,0.22596782
35,0.16486582
36,0.14109182
46,0.40002337
46,0.21613204
47,0.041632175
35,0.075280696
37,0.24082574
56,0.29050064
46,0.26085654
44,0.28656113
48,0.12540674
28,0.2033594
38,0.24019226
34,0.085220754
56,0.20463756
55,0.7493434
44,0.18805647
38,0.17186865
53,0.24422058
41,0.22800401
34,0.21792191
34,0.10249892
35,0.28642634
38,0.19690093
42,0.28093684
56,0.1747722
37,0.2750774
47,0.102205485
29,0.20147291
41,0.12813002
43,0.17935762
38,0.19207075
31,0.20177233
32,0.09946561
40,0.15951231
45,0.3529231
43,0.17360485
27,0.17330962
33,0.10086796
37,0.24321687
60,0.15736368
51,0.017309278
44,0.26112118
48,0.07683575
57,0.20439026
29,0.1333288
50,0.3173529
36,0.3012345
49,0.2154387
49,0.19845635
35,0.19488534
39,0.18712953
34,0.23162785
57,0.17080733
37,0.22628021
25,0.2686531
43,0.19246191
37,0.2561792
36,0.12175462
49,0.33943594
38,0.083321154
39,0.2410573
40,0.06453484
34,0.26621848
39,0.16357797
53,0.30184525
44,0.15664446
32,0.14929011
50,0.20114067
29,0.21691561
55,0.040685236
73,0.09661728
52,0.20096648
49,0.1825605
63,0.09897295
34,0.23467737
32,0.20244181
49,0.1244899
40,0.2166101
53,0.18199211
53,0.0616315
43,0.22085318
35,0.13335404
35,0.10831362
25,0.034389228
31,0.101386756
48,0.17050272
40,0.19487417
46,0.16029042
30,0.2188704
47,0.38090712
23,0.123080075
29,0.15249771
38,0.24283549
56,0.14383548
52,0.21329218
55,0.138123
43,0.21750438
34,0.25213277
43,0.098266184
55,0.3778864
34,0.23791778
34,0.07559353
43,0.023421288
39,0.17847666
39,0.08525938
34,0.17818597
55,0.16553983
67,0.033041418
34,0.29366273
47,0.2764211
33,0.21533826
45,0.31616408
36,0.24995485
59,0.20446596
33,0.3080879
52,0.16604352
53,0.21641642
41,0.13176408
45,0.19857287
60,0.1972071
32,0.19551477
28,0.073349416
31,0.039413393
53,0.3087468
58,0.16606551
38,0.21203223
46,0.14656478
53,0.2269733
56,0.12862548
52,0.046631306
38,0.16280425
37,0.15187609
37,0.2143912
37,0.1776816
66,0.09718755
44,0.15971023
61,0.24286628
34,0.31773907
33,0.22204822
30,0.20606503
27,0.22663802
37,0.17336196
38,0.16131726
35,0.092796326
50,0.19134063
39,0.1656436
35,0.17080078
36,0.19411081
28,0.17340305
39,0.06745002
39,0.23458931
30,0.20758712
32,0.20554462
28,0.23435077
47,0.16496229
53,0.16200182
57,0.15701541
47,0.3725573
56,0.12148127
38,0.19276103
52,0.1817624
46,0.23676363
57,0.21823362
42,0.094709665
57,0.12821239
51,0.1786763
53,0.057766587
37,0.16277483
47,0.15122354
48,0.16255811
39,0.16963407
42,0.2503075
36,0.17827415
34,0.20904288
61,0.20305273
32,0.21220401
35,0.18384692
54,0.20468605
31,0.18380433
45,0.18894586
32,0.149643
52,0.160359
36,0.19184425
31,0.21377656
53,0.23478317
43,0.25191545
47,0.14980459
46,0.15774697
34,0.2614472
55,0.12143308
23,0.23900211
75,0.24050519
58,0.35897928
35,0.24147767
27,0.18014947
24,0.24089631
48,0.23174825
31,0.20375463
57,0.21467593
53,0.16429779
42,0.21038508
50,0.26780277
59,0.24547493
38,0.17590752
39,0.20917663
28,0.1694045
55,0.119484544
33,0.15543467
36,0.14959034
38,0.16688976
28,0.08196074
32,0.0787172
35,0.24619833
58,0.13174626
30,0.20072454
33,0.21756831
36,0.2027897
32,0.18739533
34,0.10604462
42,0.23756787
41,0.18276381
63,0.11646253
38,0.1655859
54,0.1561256
39,0.28192466
46,0.23280492
37,0.093529314
76,0.06977242
28,0.10328972
33,0.1864579
46,0.13678071
30,0.027712047
60,0.16912141
56,0.128104
24,0.026478618
58,0.14609882
79,0.062294006
32,0.19527304
33,0.20939937
77,0.087368965
60,0.15937975
54,0.1880481
30,0.16576523
50,0.33568427
50,0.17966542
37,0.24356058
41,0.15798569
49,0.37814844
41,0.16968334
40,0.24672693
38,0.21228042
34,0.2494458
49,0.3062693
72,0.09383133
34,0.25032088
31,0.23855117
33,0.20131889
31,0.1303145
55,0.15472302
25,0.21355891
34,0.15779057
53,0.1938138
39,0.14444014
41,0.15703988
32,0.22063455
29,0.22573319
56,0.13713121
19,0.034504056
39,0.081813395
32,0.17826891
43,0.15422317
32,0.29016414
53,0.27560118
52,0.21126172
43,0.14545041
48,0.15797737
27,0.20598632
27,0.035616726
51,0.12618336
39,0.13808632
33,0.19309086
50,0.26750964
59,0.7206712
58,0.16436112
54,0.023446739
60,0.21212956
38,0.15190732
39,0.13254371
40,0.2646357
55,0.21794176
36,0.062482804
31,0.22098315
38,0.17330924
52,0.15954527
45,0.23318014
32,0.22318414
58,0.41589677
35,0.16480774
36,0.086179584
55,0.12932909
45,0.24059927
49,0.15910897
44,0.24929789
37,0.16634873
35,0.16881222
36,0.19533598
44,0.110952795
32,0.16808444
56,0.13180658
32,0.18687072
35,0.31767696
44,0.17592582
59,0.1851573
31,0.114244044
60,0.123541474
33,0.048029363
45,0.24189943
45,0.15876818
57,0.3362725
36,0.20387384
30,0.16289568
30,0.18616515
59,0.21072897
58,0.15177211
49,0.11564925
48,0.053072095
28,0.17705044
59,0.2505598
40,0.15512484
32,0.1956838
58,0.2895279
28,0.03440419
27,0.07304555
38,0.07801652
53,0.15882733
60,0.09371567
33,0.29513627
52,0.115392864
64,0.029052556
40,0.3097301
52,0.2825103
28,0.037282765
49,0.17539176
28,0.19609633
29,0.13872898
87,0.090955555
37,0.19251832
36,0.18008196
35,0.018398166
33,0.20331293
60,0.24698961
25,0.09253311
69,0.11604655
41,0.09705424
48,0.12139636
35,0.25733298
30,0.20773265
59,0.15952164
32,0.08083072
28,0.22921526
60,0.17290628
36,0.16072825
32,0.0742442
34,0.3030553
58,0.31087473
53,0.04603818
31,0.16183072
33,0.29727817
46,0.077895075
29,0.23995498
37,0.22209617
58,0.1529578
34,0.17480677
34,0.53866935
49,0.22520116
53,0.24952331
42,0.1741511
40,0.26271975
30,0.22104725
31,0.15669283
55,0.2447136
36,0.15786517
31,0.3490252
26,0.17584518
31,0.23561475
49,0.24426907
54,0.1481989
47,0.29643136
61,0.17254904
49,0.15988809
51,0.23812273
53,0.16234827
35,0.18012327
25,0.27258098
79,0.07910198
53,0.17556953
21,0.028068483
33,0.195995
40,0.3880961
34,0.2706408
52,0.19888315
27,0.25117278
57,0.20790944
51,0.1715484
31,0.016161114
49,0.06800327
32,0.08097091
28,0.21228859
33,0.22536576
50,0.06601432
42,0.20169419
45,0.06481257
34,0.20486832
56,0.108638644
33,0.13734442
34,0.2661908
37,0.13231504
37,0.25353122
35,0.22270533
38,0.030884862
32,0.21138984
52,0.14471695
49,0.2874133
46,0.16157758
42,0.23758855
36,0.14350465
32,0.17703614
49,0.14513907
46,0.23007134
40,0.23832104
36,0.2650485
36,0.26394668
34,0.25065446
46,0.1319843
32,0.20751539
32,0.09477642
32,0.061573565
43,0.18271863
25,0.12937513
55,0.25699675
24,0.23263073
40,0.18170807
38,0.065642536
48,0.15735132
36,0.16627592
57,0.16542074
45,0.23184064
33,0.058772445
38,0.19237351
26,0.19876644
30,0.10200688
55,0.084252834
34,0.19920492
60,0.2609107
36,0.09669867
65,0.15095016
39,0.025618255
52,0.2158435
55,0.21716428
26,0.09900311
40,0.081154436
52,0.32984263
29,0.023560137
41,0.19735417
30,0.14030018
28,0.04467815
26,0.20713156
58,0.132671
29,0.080668956
48,0.19823885
35,0.25294918
26,0.17705521
49,0.07990381
34,0.25099182
32,0.28030634
31,0.2344892
48,0.14705339
40,0.2510984
42,0.18563375
48,0.13966057
38,0.33525875
53,0.1387895
59,0.07662535
28,0.14001402
41,0.16158187
50,0.13939229
31,0.24144283
30,0.21125552
59,0.17061946
33,0.5495041
35,0.1740179
30,0.08383107
71,0.11203405
30,0.17083782
24,0.16930294
34,0.20059761
34,0.20716536
52,0.25175196
33,0.2220597
38,0.19607198
41,0.28519472
42,0.17333555
38,0.5229039
48,0.17548743
34,0.18689597
46,0.16573736
33,0.19868857
40,0.14971381
36,0.2803662
32,0.20286384
33,0.1932297
55,0.110791534
58,0.15695885
25,0.13855213
47,0.18821579
40,0.17441624
59,0.22791737
40,0.09539196
30,0.19258398
25,0.25549784
58,0.09351364
39,0.12314436
40,0.021952957
38,0.19347441
66,0.10280314
47,0.1650593
37,0.21401653
36,0.08320874
50,0.21593946
76,0.076518714
58,0.11610666
42,0.24997023
58,0.12995762
28,0.13348216
41,0.21296442
30,0.18908584
32,0.2055946
27,0.31037843
48,0.1679138
36,0.17778066
54,0.17753991
36,0.20671341
52,0.1575132
34,0.21316269
43,0.22540331
32,0.08650765
33,0.11157593
51,0.04310605
39,0.19623038
44,0.09062019
49,0.121531665
25,0.22832659
39,0.21532282
54,0.08393183
32,0.08893037
36,0.12276414
54,0.24134469
31,0.21061262
45,0.4065766
31,0.22097775
45,0.24015069
33,0.16693595
46,0.1678991
43,0.16936317
50,0.13565025
44,0.3248214
42,0.185949
26,0.2742657
47,0.19342995
48,0.21621677
60,0.118105024
27,0.16673514
30,0.03827712
28,0.2254157
58,0.10508376
37,0.25985226
36,0.17671955
39,0.23183614
52,0.14091
55,0.24418938
30,0.11165643
36,0.23376036
39,0.21467364
47,0.19908178
42,0.1412544
42,0.1695478
58,0.12928757
68,0.24659202
43,0.13278979
44,0.2103588
49,0.061269313
57,0.18454933
61,0.018722147
36,0.21825111
31,0.25060576
51,0.035715133
31,0.15546772
56,0.21378165
30,0.15456769
38,0.17315099
35,0.2795952
31,0.16277608
39,0.17415008
50,0.109142154
39,0.06715304
26,0.24740466
55,0.21356094
43,0.5135017
34,0.063827485
51,0.1735762
31,0.14988369
32,0.18122762
53,0.19727582
44,0.3264235
38,0.20432091
47,0.13224295
36,0.13233477
30,0.08130348
46,0.19922414
33,0.24284959
43,0.15343833
38,0.18960348
27,0.15985739
38,0.054692447
41,0.040302545
29,0.23858446
39,0.17925921
42,0.054179102
47,0.18065509
30,0.30900103
34,0.23388031
45,0.14082742
43,0.2384769
59,0.17221302
50,0.24762526
39,0.19226193
36,0.19682705
44,0.24252295
36,0.05529228
27,0.083629906
29,0.18042949
70,0.1138224
44,0.13157913
55,0.121055126
36,0.13703033
28,0.19336382
50,0.09905794
49,0.1339395
71,0.030522704
31,0.3117129
45,0.11785424
42,0.31344804
45,0.24716124
47,0.16519707
60,0.0763284
35,0.1327633
31,0.170717
33,0.1744782
50,0.060450613
51,0.25149864
34,0.22930822
56,0.35756427
29,0.18022859
31,0.3099731
44,0.13617957
55,0.14425895
35,0.01769039
36,0.15182665
54,0.24514106
32,0.16067466
36,0.3185243
60,0.24797589
32,0.2591694
57,0.16493294
34,0.17876968
27,0.03859979
52,0.11664322
45,0.17511928
58,0.049315065
39,0.15616965
48,0.20457906
36,0.100405395
31,0.19281623
41,0.16205668
30,0.25334525
57,0.036678165
29,0.19092733
29,0.20656916
30,0.093046606
44,0.14984182
33,0.028721362
56,0.2231712
26,0.04614538
52,0.14040846
32,0.15267894
36,0.19228673
26,0.3086425
37,0.21021244
34,0.23873767
26,0.11282274
32,0.27763328
30,0.18618664
27,0.19480166
42,0.19534594
33,0.17013445
37,0.3142649
45,0.24929759
36,0.13088271
39,0.08154231
33,0.10527903
47,0.32898098
49,0.23702946
46,0.24420998
31,0.27809852
43,0.16272116
30,0.18656167
43,0.09404105
42,0.2541368
30,0.085101694
33,0.080616295
41,0.24887514
29,0.21039441
38,0.17715225
29,0.1944226
80,0.14503634
38,0.08498213
36,0.18360919
38,0.026589185
44,0.14832962
31,0.07009807
31,0.10806078
57,0.2335785
37,0.1629411
50,0.2527292
60,0.15737778
51,0.1197699
48,0.25011265
42,0.17839727
36,0.2532943
43,0.12933978
31,0.21656385
49,0.17259452
35,0.30320323
44,0.28561658
34,0.036735862
46,0.26880777
49,0.17015499
32,0.31035846
35,0.08288604
51,0.26678157
57,0.3555965
59,0.14172006
40,0.06611204
49,0.10912326
51,0.16147605
35,0.29414582
29,0.21532169
32,0.17742068
37,0.12470469
49,0.17947197
45,0.12999797
34,0.20429358
53,0.22814521
42,0.27573055
43,0.21499243
52,0.1206426
34,0.312872
34,0.2950489
27,0.26944324
43,0.10934064
41,0.2136217
72,0.11430213
35,0.17769459
41,0.14095476
36,0.25166154
51,0.15211031
37,0.024051726
42,0.14489993
26,0.2204988
23,0.17639434
50,0.17178962
37,0.25031492
35,0.18077096
37,0.1710523
79,0.012712419
39,0.10156351
47,0.16912237
44,0.2556073
36,0.095666826
33,0.16690394
42,0.2613594
35,0.08116093
31,0.2048392
58,0.16291669
46,0.13375464
41,0.20458344
58,0.19513363
33,0.31687522
31,0.20020628
55,0.1075069
38,0.20311251
55,0.17838296
47,0.057153344
51,0.14970228
46,0.03544709
61,0.17423978
47,0.10466069
34,0.2316384
34,0.1948553
41,0.11809066
36,0.38130587
26,0.1950965
35,0.17936218
36,0.25899193
26,0.0941585
58,0.15085873
50,0.2529468
61,0.25003442
28,0.19121906
49,0.15043542
74,0.10103676
53,0.25610936
46,0.20808035
47,0.16328344
42,0.22760144
56,0.26757437
42,0.13339841
49,0.1495339
43,0.087691665
39,0.18065614
66,0.09215507
30,0.0888454
38,0.10935044
31,0.13107702
32,0.2582195
48,0.25125194
34,0.26403588
28,0.048891366
40,0.19733739
36,0.24533397
52,0.25256687
46,0.21397611
25,0.20485786
52,0.19865817
40,0.16555113
26,0.37146825
26,0.18415701
35,0.13369969
40,0.20817691
31,0.15376937
32,0.23871872
33,0.24472103
53,0.14664847
46,0.21858045
28,0.107782155
31,0.21285108
44,0.16664723
35,0.3144219
50,0.1337479
32,0.20335871
51,0.23811007
51,0.14879408
31,0.15478164
41,0.1856601
57,0.071953416
34,0.09503037
47,0.1935586
47,0.264367
36,0.23324168
29,0.024227679
39,0.24666202
53,0.05131221
47,0.16876662
51,0.21640411
48,0.22650144
32,0.24263954
36,0.32271713
50,0.09262571
39,0.2304247
31,0.19410554
49,0.25057712
33,0.20095974
26,0.08231893
27,0.20170787
51,0.21125746
26,0.25201333
45,0.24835297
54,0.21834531
49,0.164924
47,0.23356873
42,0.14850652
50,0.31007499
37,0.2665573
54,0.20089191
40,0.28787637
50,0.36567843
57,0.23359242
33,0.24786669
49,0.23363334
35,0.2865523
28,0.19229573
58,0.16670236
31,0.31475323
36,0.17815533
49,0.20336804
30,0.18191844
29,0.17874539
50,0.11651462
26,0.017504096
27,0.17825726
32,0.20669535
62,0.31529644
34,0.22379252
25,0.23010713
34,0.06903446
44,0.15042055
38,0.15762946
57,0.22117975
36,0.02421707
41,0.27785033
36,0.05827093
27,0.0870727
37,0.16974366
47,0.02639094
31,0.12507966
39,0.21292582
35,0.17378512
40,0.20775741
38,0.09136844
31,0.2375977
36,0.09915745
53,0.16874051
59,0.17273611
29,0.10012987
30,0.22023532
52,0.25854668
55,0.25598013
56,0.15841335
32,0.265608
24,0.21496382
51,0.15960264
36,0.1543709
36,0.17369455
42,0.15117571
49,0.23815617
48,0.15976667
36,0.16958442
48,0.20071608
30,0.061454654
27,0.16029996
38,0.3078481
36,0.21453509
45,0.20973393
44,0.10714126
42,0.24185452
37,0.26299
48,0.2403253
57,0.17574453
44,0.28510407
48,0.23679277
56,0.12358436
37,0.13015464
47,0.19695306
54,0.049806535
51,0.036719352
47,0.18054122
25,0.11249232
39,0.10712299
40,0.15005529
38,0.08169955
34,0.15169871
53,0.14172828
32,0.19465634
35,0.25517154
24,0.03581375
58,0.1581963
49,0.19184113
45,0.10569984
55,0.14698154
42,0.22906747
28,0.25911045
48,0.29663652
51,0.1383749
38,0.1481666
27,0.43072787
50,0.19252515
44,0.17761603
40,0.17797127
29,0.17421961
34,0.28900874
44,0.108921915
50,0.24661168
34,0.15823877
54,0.20497826
34,0.21709776
34,0.18746284
52,0.17586488
60,0.042934984
39,0.13864663
58,0.171859
41,0.16575354
48,0.14862055
58,0.14967039
40,0.17708364
48,0.14875102
52,0.17596516
50,0.18060535
25,0.2189421
54,0.16588202
34,0.20176744
48,0.12999552
37,0.2583887
66,0.028797477
32,0.07689962
45,0.21153149
43,0.14930907
41,0.12943879
40,0.25286347
44,0.09477979
43,0.17489597
30,0.16190657
32,0.28248382
57,0.29077128
31,0.1164521
49,0.2377953
31,0.20672464
41,0.14335346
44,0.13284737
54,0.19523457
37,0.19853207
34,0.17593783
43,0.22622874
44,0.17181194
44,0.3213551
53,0.21210694
36,0.21295196
58,0.17050985
26,0.026458144
34,0.20404181
55,0.17672679
55,0.18616787
34,0.2012474
41,0.24434695
38,0.045096636
28,0.33349854
41,0.24752253
30,0.21348268
39,0.05202794
41,0.25144613
36,0.19881397
37,0.12859166
59,0.021304548
26,0.19416672
43,0.25507125
42,0.17656416
46,0.14548418
31,0.2317681
43,0.16773212
48,0.119374275
41,0.25470692
32,0.02619043
45,0.04816684
52,0.122526675
37,0.15595075
38,0.17492798
36,0.10328087
58,0.14362627
37,0.20016995
30,0.2324042
47,0.24012741
40,0.24279296
42,0.24152237
71,0.07061446
54,0.25734222
53,0.22761527
33,0.22688285
30,0.14000905
39,0.21907559
32,0.25200573
34,0.21554592
39,0.08682585
75,0.10715908
33,0.25831676
40,0.27018815
37,0.04700744
69,0.08033207
52,0.18056706
31,0.28260052
28,0.1856066
29,0.073060155
46,0.3495708
28,0.19429687
41,0.27392575
42,0.18791422
34,0.30814877
28,0.20950997
43,0.13374737
32,0.24258593
33,0.08369118
70,0.10839847
36,0.15289173
53,0.21425834
30,0.31481224
45,0.13532335
31,0.14228162
28,0.23559844
45,0.17565438
51,0.119166225
53,0.16904
40,0.20752212
53,0.19125554
31,0.22277716
30,0.18597883
53,0.23443297
40,0.1511507
26,0.14952514
47,0.24331939
51,0.14511779
45,0.18070155
35,0.15741265
36,0.08799523
57,0.3545048
42,0.20875165
32,0.18138686
30,0.17734677
36,0.24082673
43,0.24195147
69,0.037165135
31,0.15971965
35,0.24173838
26,0.25768352
46,0.2282339
30,0.23964515
33,0.10044378
34,0.16016766
48,0.16175628
31,0.18546417
46,0.24817291
40,0.23030573
39,0.31758705
33,0.13315147
50,0.1563817
84,0.057658166
40,0.20840046
55,0.18942535
40,0.11287078
46,0.28693426
43,0.049283862
34,0.192451
35,0.19916123
57,0.12871099
25,0.041166723
32,0.14872846
52,0.25352547
31,0.18730164
34,0.16867226
42,0.16225144
47,0.16133898
50,0.053790152
30,0.24083367
33,0.10407612
56,0.11943334
34,0.25827277
33,0.24515826
32,0.05434665
34,0.1557621
37,0.23199263
30,0.1743471
29,0.20112339
56,0.071626335
31,0.16160133
59,0.044149727
36,0.1547153
51,0.15219504
54,0.16324899
37,0.1851215
32,0.084272474
42,0.022199154
29,0.30686653
52,0.17349854
40,0.1391378
30,0.2795623
55,0.3571371
49,0.122721344
33,0.06434238
32,0.24672282
21,0.0290533
42,0.2509324
56,0.11813173
39,0.27250844
30,0.30684203
55,0.12869695
43,0.17429733
53,0.04923266
57,0.10315961
39,0.050686985
56,0.2166543
29,0.054746747
38,0.16537106
59,0.1608141
42,0.095385134
46,0.16073367
31,0.2373667
35,0.1339503
50,0.14680281
42,0.1709823
36,0.12281716
25,0.25009745
42,0.08203894
27,0.023747146
32,0.17997539
57,0.11936256
48,0.25647557
34,0.1472199
33,0.18514442
26,0.18501976
50,0.284888
60,0.14421302
47,0.15262532
31,0.18760914
52,0.040284038
36,0.18142506
43,0.16744792
30,0.13304171
32,0.30859333
31,0.092369765
29,0.13258123
48,0.29784507
32,0.2738143
30,0.08529666
48,0.22882289
51,0.13231418
34,0.18266836
35,0.24853286
49,0.15360427
36,0.17452854
37,0.17262504
37,0.13461044
49,0.1815615
44,0.092485726
40,0.08770323
57,0.2565701
39,0.2436372
38,0.3454343
51,0.14555064
27,0.31322634
38,0.054959208
30,0.18571949
36,0.018294364
37,0.077185184
53,0.15941948
38,0.12844902
48,0.17468801
26,0.18880859
33,0.21436548
47,0.14137775
45,0.2142483
32,0.1955714
69,0.009234577
65,0.019173414
37,0.20940447
45,0.26591945
36,0.20712554
62,0.037515312
37,0.1773758
39,0.20329413
38,0.054110914
31,0.15563923
58,0.257581
44,0.07626754
31,0.20113474
33,0.2189256
36,0.14986488
31,0.21536863
45,0.25361425
30,0.1538108
34,0.25248742
34,0.1593202
39,0.28224143
41,0.17487526
32,0.17932299
32,0.09848693
36,0.16664678
35,0.24640661
32,0.07881591
33,0.09528786
49,0.22514501
35,0.19599977
31,0.24606168
42,0.17818266
34,0.14856282
32,0.23531657
29,0.099227995
32,0.17507553
50,0.03423938
58,0.104887605
59,0.15673321
25,0.102855206
57,0.19361907
30,0.22218862
26,0.18202645
50,0.09733951
39,0.28125554
45,0.17796427
37,0.33714747
47,0.26176393
50,0.18346173
40,0.19536266
35,0.16481766
53,0.15788686
35,0.23976731
54,0.23114067
35,0.21951923
31,0.1574812
46,0.1726312
52,0.20338869
34,0.4360787
46,0.24028334
54,0.21212623
37,0.21371812
39,0.12453893
50,0.1363838
44,0.15790212
56,0.25830454
40,0.13003981
36,0.20433858
33,0.15446505
33,0.21403968
42,0.19940224
30,0.12197146
33,0.30112582
26,0.19691166
26,0.32364023
37,0.27615318
59,0.1053597
49,0.2025789
33,0.15948191
46,0.18420032
55,0.21664312
49,0.2834278
51,0.20088512
27,0.26820546
44,0.13658246
40,0.038124144
36,0.13487345
46,0.19825637
30,0.13028955
35,0.25998148
31,0.17060935
37,0.2460199
49,0.13761556
27,0.25140637
32,0.25251603
70,0.3648249
22,0.18786716
58,0.21701545
33,0.19496664
83,0.07394877
50,0.1937812
53,0.25535297
37,0.11267573
55,0.24334821
49,0.25820237
41,0.17678887
40,0.09337756
48,0.12443566
27,0.023871064
30,0.08456808
37,0.16932076
37,0.110367656
40,0.21067661
73,0.0147334635
50,0.156764
53,0.22041261
47,0.21356633
33,0.16532668
50,0.111481935
51,0.17496508
42,0.05072227
34,0.1569174
44,0.24113953
32,0.23822376
60,0.032082766
60,0.035289407
29,0.32193673
39,0.121415764
47,0.2138961
30,0.23275983
31,0.17032295
34,0.089446634
51,0.24985066
38,0.1994389
47,0.26369575
46,0.026505113
33,0.18910515
30,0.18262196
40,0.19174665
38,0.16452006
63,0.07741645
33,0.18200374
59,0.23694304
29,0.09124696
54,0.13902801
57,0.18884018
57,0.16062596
28,0.10724166
30,0.1985389
28,0.2105233
45,0.18751234
29,0.19871944
42,0.16566458
31,0.21324846
59,0.11608255
41,0.16220498
57,0.1764332
43,0.2808112
30,0.2056059
26,0.18111473
52,0.10967979
32,0.34485644
39,0.3185256
31,0.25596035
83,0.056099027
34,0.1762389
40,0.2522893
39,0.15698108
50,0.13714546
30,0.2369498
43,0.25103226
49,0.2316204
41,0.13781297
35,0.21248767
57,0.032152265
29,0.24372631
48,0.25669938
38,0.35511735
41,0.24878308
39,0.15323552
31,0.19277132
51,0.19951874
35,0.16222006
45,0.25227356
28,0.20332095
57,0.14018536
36,0.13519114
49,0.16444463
34,0.075817555
65,0.08920723
26,0.179629
52,0.18989995
32,0.21039546
33,0.12531108
43,0.15266126
26,0.14341584
45,0.2467565
30,0.08164713
37,0.30996975
45,0.08458009
34,0.12799063
35,0.17620707
41,0.26248705
42,0.025300503
48,0.11446366
45,0.16183817
47,0.1496332
37,0.16968861
32,0.17332807
40,0.065243125
35,0.19547483
31,0.12355128
36,0.14957842
44,0.1516256
52,0.2808485
28,0.021180868
45,0.18144566
38,0.13014638
39,0.17490453
28,0.058508605
31,0.22689468
46,0.16085958
22,0.029865474
49,0.10540855
44,0.18560237
31,0.17080086
53,0.15545514
55,0.1807872
35,0.23432705
35,0.25380743
37,0.09838632
50,0.24662617
37,0.18151262
37,0.16402164
29,0.027431637
31,0.08691454
40,0.19617388
47,0.13184151
55,0.1290608
33,0.19606021
53,0.2887899
38,0.072715044
61,0.17531028
43,0.16375288
42,0.1681031
36,0.31283647
31,0.13631234
59,0.121941864
29,0.16776577
33,0.23721331
44,0.21575963
43,0.20922378
42,0.15207565
32,0.08543989
43,0.15397477
39,0.21729612
23,0.1779803
43,0.2961359
46,0.2456196
31,0.24743012
38,0.1725739
53,0.16784462
37,0.16906658
49,0.35355118
31,0.11335155
45,0.14366242
58,0.24630031
35,0.20648369
32,0.19283265
28,0.13561541
26,0.19497997
48,0.16857815
30,0.28180137
31,0.29325026
31,0.13313037
45,0.37526774
38,0.23198926
34,0.1640723
42,0.2871137
60,0.09645411
42,0.16414088
32,0.20102006
42,0.027581066
33,0.28372085
42,0.21814728
51,0.044682592
36,0.18915549
46,0.20107701
40,0.19110459
49,0.30697423
38,0.26533803
32,0.17300832
33,0.2786734
57,0.13754246
57,0.23288947
28,0.25255573
44,0.1602349
